name,price,link
Bulbasaur,£63.00,https://scrapeme.live/shop/Bulbasaur/
Ivysaur,£87.00,https://scrapeme.live/shop/Ivysaur/
Venusaur,£105.00,https://scrapeme.live/shop/Venusaur/
Charmander,£48.00,https://scrapeme.live/shop/Charmander/
Charmeleon,£165.00,https://scrapeme.live/shop/Charmeleon/
Charizard,£156.00,https://scrapeme.live/shop/Charizard/
Squirtle,£130.00,https://scrapeme.live/shop/Squirtle/
Wartortle,£123.00,https://scrapeme.live/shop/Wartortle/
Blastoise,£76.00,https://scrapeme.live/shop/Blastoise/
Caterpie,£73.00,https://scrapeme.live/shop/Caterpie/
Metapod,£148.00,https://scrapeme.live/shop/Metapod/
Butterfree,£162.00,https://scrapeme.live/shop/Butterfree/
Weedle,£25.00,https://scrapeme.live/shop/Weedle/
Kakuna,£148.00,https://scrapeme.live/shop/Kakuna/
Beedrill,£168.00,https://scrapeme.live/shop/Beedrill/
Pidgey,£159.00,https://scrapeme.live/shop/Pidgey/
Pidgeotto,£84.00,https://scrapeme.live/shop/Pidgeotto/
Pidgeot,£185.00,https://scrapeme.live/shop/Pidgeot/
Rattata,£128.00,https://scrapeme.live/shop/Rattata/
Raticate,£60.00,https://scrapeme.live/shop/Raticate/
Spearow,£133.00,https://scrapeme.live/shop/Spearow/
Fearow,£95.00,https://scrapeme.live/shop/Fearow/
Ekans,£55.00,https://scrapeme.live/shop/Ekans/
Arbok,£182.00,https://scrapeme.live/shop/Arbok/
Pikachu,£37.00,https://scrapeme.live/shop/Pikachu/
Raichu,£140.00,https://scrapeme.live/shop/Raichu/
Sandshrew,£82.00,https://scrapeme.live/shop/Sandshrew/
Sandslash,£155.00,https://scrapeme.live/shop/Sandslash/
Nidorina,£28.00,https://scrapeme.live/shop/Nidorina/
Nidoqueen,£106.00,https://scrapeme.live/shop/Nidoqueen/
Nidorino,£179.00,https://scrapeme.live/shop/Nidorino/
Nidoking,£31.00,https://scrapeme.live/shop/Nidoking/
Clefairy,£160.00,https://scrapeme.live/shop/Clefairy/
Clefable,£188.00,https://scrapeme.live/shop/Clefable/
Vulpix,£85.00,https://scrapeme.live/shop/Vulpix/
Ninetales,£52.00,https://scrapeme.live/shop/Ninetales/
Jigglypuff,£61.00,https://scrapeme.live/shop/Jigglypuff/
Wigglytuff,£130.00,https://scrapeme.live/shop/Wigglytuff/
Zubat,£125.00,https://scrapeme.live/shop/Zubat/
Golbat,£136.00,https://scrapeme.live/shop/Golbat/
Oddish,£45.00,https://scrapeme.live/shop/Oddish/
Gloom,£178.00,https://scrapeme.live/shop/Gloom/
Vileplume,£170.00,https://scrapeme.live/shop/Vileplume/
Paras,£168.00,https://scrapeme.live/shop/Paras/
Parasect,£27.00,https://scrapeme.live/shop/Parasect/
Venonat,£158.00,https://scrapeme.live/shop/Venonat/
Venomoth,£53.00,https://scrapeme.live/shop/Venomoth/
Diglett,£122.00,https://scrapeme.live/shop/Diglett/
Dugtrio,£111.00,https://scrapeme.live/shop/Dugtrio/
Meowth,£131.00,https://scrapeme.live/shop/Meowth/
Persian,£200.00,https://scrapeme.live/shop/Persian/
Psyduck,£182.00,https://scrapeme.live/shop/Psyduck/
Golduck,£31.00,https://scrapeme.live/shop/Golduck/
Mankey,£125.00,https://scrapeme.live/shop/Mankey/
Primeape,£86.00,https://scrapeme.live/shop/Primeape/
Growlithe,£30.00,https://scrapeme.live/shop/Growlithe/
Arcanine,£69.00,https://scrapeme.live/shop/Arcanine/
Poliwag,£174.00,https://scrapeme.live/shop/Poliwag/
Poliwhirl,£121.00,https://scrapeme.live/shop/Poliwhirl/
Poliwrath,£152.00,https://scrapeme.live/shop/Poliwrath/
Abra,£141.00,https://scrapeme.live/shop/Abra/
Kadabra,£129.00,https://scrapeme.live/shop/Kadabra/
Alakazam,£40.00,https://scrapeme.live/shop/Alakazam/
Machop,£166.00,https://scrapeme.live/shop/Machop/
Machoke,£27.00,https://scrapeme.live/shop/Machoke/
Machamp,£121.00,https://scrapeme.live/shop/Machamp/
Bellsprout,£74.00,https://scrapeme.live/shop/Bellsprout/
Weepinbell,£26.00,https://scrapeme.live/shop/Weepinbell/
Victreebel,£68.00,https://scrapeme.live/shop/Victreebel/
Tentacool,£186.00,https://scrapeme.live/shop/Tentacool/
Tentacruel,£65.00,https://scrapeme.live/shop/Tentacruel/
Geodude,£32.00,https://scrapeme.live/shop/Geodude/
Graveler,£182.00,https://scrapeme.live/shop/Graveler/
Golem,£103.00,https://scrapeme.live/shop/Golem/
Ponyta,£53.00,https://scrapeme.live/shop/Ponyta/
Rapidash,£98.00,https://scrapeme.live/shop/Rapidash/
Slowpoke,£109.00,https://scrapeme.live/shop/Slowpoke/
Slowbro,£179.00,https://scrapeme.live/shop/Slowbro/
Magnemite,£100.00,https://scrapeme.live/shop/Magnemite/
Magneton,£191.00,https://scrapeme.live/shop/Magneton/
Farfetchd,£185.00,https://scrapeme.live/shop/Farfetchd/
Doduo,£73.00,https://scrapeme.live/shop/Doduo/
Dodrio,£138.00,https://scrapeme.live/shop/Dodrio/
Seel,£164.00,https://scrapeme.live/shop/Seel/
Dewgong,£70.00,https://scrapeme.live/shop/Dewgong/
Grimer,£147.00,https://scrapeme.live/shop/Grimer/
Muk,£187.00,https://scrapeme.live/shop/Muk/
Shellder,£138.00,https://scrapeme.live/shop/Shellder/
Cloyster,£199.00,https://scrapeme.live/shop/Cloyster/
Gastly,£179.00,https://scrapeme.live/shop/Gastly/
Haunter,£42.00,https://scrapeme.live/shop/Haunter/
Gengar,£149.00,https://scrapeme.live/shop/Gengar/
Onix,£37.00,https://scrapeme.live/shop/Onix/
Drowzee,£40.00,https://scrapeme.live/shop/Drowzee/
Hypno,£198.00,https://scrapeme.live/shop/Hypno/
Krabby,£64.00,https://scrapeme.live/shop/Krabby/
Kingler,£72.00,https://scrapeme.live/shop/Kingler/
Voltorb,£189.00,https://scrapeme.live/shop/Voltorb/
Electrode,£100.00,https://scrapeme.live/shop/Electrode/
Exeggcute,£126.00,https://scrapeme.live/shop/Exeggcute/
Exeggutor,£68.00,https://scrapeme.live/shop/Exeggutor/
Cubone,£177.00,https://scrapeme.live/shop/Cubone/
Marowak,£36.00,https://scrapeme.live/shop/Marowak/
Hitmonlee,£73.00,https://scrapeme.live/shop/Hitmonlee/
Hitmonchan,£91.00,https://scrapeme.live/shop/Hitmonchan/
Lickitung,£142.00,https://scrapeme.live/shop/Lickitung/
Koffing,£38.00,https://scrapeme.live/shop/Koffing/
Weezing,£48.00,https://scrapeme.live/shop/Weezing/
Rhyhorn,£124.00,https://scrapeme.live/shop/Rhyhorn/
Rhydon,£27.00,https://scrapeme.live/shop/Rhydon/
Chansey,£176.00,https://scrapeme.live/shop/Chansey/
Tangela,£64.00,https://scrapeme.live/shop/Tangela/
Kangaskhan,£164.00,https://scrapeme.live/shop/Kangaskhan/
Horsea,£154.00,https://scrapeme.live/shop/Horsea/
Seadra,£51.00,https://scrapeme.live/shop/Seadra/
Goldeen,£170.00,https://scrapeme.live/shop/Goldeen/
Seaking,£129.00,https://scrapeme.live/shop/Seaking/
Staryu,£166.00,https://scrapeme.live/shop/Staryu/
Starmie,£176.00,https://scrapeme.live/shop/Starmie/
Mr-mime,£144.00,https://scrapeme.live/shop/Mr-mime/
Scyther,£85.00,https://scrapeme.live/shop/Scyther/
Jynx,£138.00,https://scrapeme.live/shop/Jynx/
Electabuzz,£125.00,https://scrapeme.live/shop/Electabuzz/
Magmar,£130.00,https://scrapeme.live/shop/Magmar/
Pinsir,£141.00,https://scrapeme.live/shop/Pinsir/
Tauros,£63.00,https://scrapeme.live/shop/Tauros/
Magikarp,£43.00,https://scrapeme.live/shop/Magikarp/
Gyarados,£79.00,https://scrapeme.live/shop/Gyarados/
Lapras,£172.00,https://scrapeme.live/shop/Lapras/
Ditto,£75.00,https://scrapeme.live/shop/Ditto/
Eevee,£112.00,https://scrapeme.live/shop/Eevee/
Vaporeon,£147.00,https://scrapeme.live/shop/Vaporeon/
Jolteon,£158.00,https://scrapeme.live/shop/Jolteon/
Flareon,£34.00,https://scrapeme.live/shop/Flareon/
Porygon,£178.00,https://scrapeme.live/shop/Porygon/
Omanyte,£162.00,https://scrapeme.live/shop/Omanyte/
Omastar,£61.00,https://scrapeme.live/shop/Omastar/
Kabuto,£79.00,https://scrapeme.live/shop/Kabuto/
Kabutops,£57.00,https://scrapeme.live/shop/Kabutops/
Aerodactyl,£56.00,https://scrapeme.live/shop/Aerodactyl/
Snorlax,£134.00,https://scrapeme.live/shop/Snorlax/
Articuno,£77.00,https://scrapeme.live/shop/Articuno/
Zapdos,£133.00,https://scrapeme.live/shop/Zapdos/
Moltres,£178.00,https://scrapeme.live/shop/Moltres/
Dratini,£94.00,https://scrapeme.live/shop/Dratini/
Dragonair,£57.00,https://scrapeme.live/shop/Dragonair/
Dragonite,£69.00,https://scrapeme.live/shop/Dragonite/
Mewtwo,£43.00,https://scrapeme.live/shop/Mewtwo/
Mew,£136.00,https://scrapeme.live/shop/Mew/
Chikorita,£127.00,https://scrapeme.live/shop/Chikorita/
Bayleef,£44.00,https://scrapeme.live/shop/Bayleef/
Meganium,£163.00,https://scrapeme.live/shop/Meganium/
Cyndaquil,£154.00,https://scrapeme.live/shop/Cyndaquil/
Quilava,£85.00,https://scrapeme.live/shop/Quilava/
Typhlosion,£191.00,https://scrapeme.live/shop/Typhlosion/
Totodile,£190.00,https://scrapeme.live/shop/Totodile/
Croconaw,£175.00,https://scrapeme.live/shop/Croconaw/
Feraligatr,£183.00,https://scrapeme.live/shop/Feraligatr/
Sentret,£48.00,https://scrapeme.live/shop/Sentret/
Furret,£154.00,https://scrapeme.live/shop/Furret/
Hoothoot,£48.00,https://scrapeme.live/shop/Hoothoot/
Noctowl,£170.00,https://scrapeme.live/shop/Noctowl/
Ledyba,£98.00,https://scrapeme.live/shop/Ledyba/
Ledian,£136.00,https://scrapeme.live/shop/Ledian/
Spinarak,£199.00,https://scrapeme.live/shop/Spinarak/
Ariados,£85.00,https://scrapeme.live/shop/Ariados/
Crobat,£195.00,https://scrapeme.live/shop/Crobat/
Chinchou,£59.00,https://scrapeme.live/shop/Chinchou/
Lanturn,£131.00,https://scrapeme.live/shop/Lanturn/
Pichu,£193.00,https://scrapeme.live/shop/Pichu/
Cleffa,£107.00,https://scrapeme.live/shop/Cleffa/
Igglybuff,£189.00,https://scrapeme.live/shop/Igglybuff/
Togepi,£47.00,https://scrapeme.live/shop/Togepi/
Togetic,£69.00,https://scrapeme.live/shop/Togetic/
Natu,£99.00,https://scrapeme.live/shop/Natu/
Xatu,£123.00,https://scrapeme.live/shop/Xatu/
Mareep,£79.00,https://scrapeme.live/shop/Mareep/
Flaaffy,£163.00,https://scrapeme.live/shop/Flaaffy/
Ampharos,£41.00,https://scrapeme.live/shop/Ampharos/
Bellossom,£25.00,https://scrapeme.live/shop/Bellossom/
Marill,£127.00,https://scrapeme.live/shop/Marill/
Azumarill,£175.00,https://scrapeme.live/shop/Azumarill/
Sudowoodo,£54.00,https://scrapeme.live/shop/Sudowoodo/
Politoed,£193.00,https://scrapeme.live/shop/Politoed/
Hoppip,£107.00,https://scrapeme.live/shop/Hoppip/
Skiploom,£185.00,https://scrapeme.live/shop/Skiploom/
Jumpluff,£107.00,https://scrapeme.live/shop/Jumpluff/
Aipom,£182.00,https://scrapeme.live/shop/Aipom/
Sunkern,£150.00,https://scrapeme.live/shop/Sunkern/
Sunflora,£33.00,https://scrapeme.live/shop/Sunflora/
Yanma,£130.00,https://scrapeme.live/shop/Yanma/
Wooper,£98.00,https://scrapeme.live/shop/Wooper/
Quagsire,£37.00,https://scrapeme.live/shop/Quagsire/
Espeon,£177.00,https://scrapeme.live/shop/Espeon/
Umbreon,£78.00,https://scrapeme.live/shop/Umbreon/
Murkrow,£178.00,https://scrapeme.live/shop/Murkrow/
Slowking,£174.00,https://scrapeme.live/shop/Slowking/
Misdreavus,£33.00,https://scrapeme.live/shop/Misdreavus/
Unown,£198.00,https://scrapeme.live/shop/Unown/
Wobbuffet,£107.00,https://scrapeme.live/shop/Wobbuffet/
Girafarig,£99.00,https://scrapeme.live/shop/Girafarig/
Gligar,£112.00,https://scrapeme.live/shop/Gligar/
Steelix,£116.00,https://scrapeme.live/shop/Steelix/
Snubbull,£63.00,https://scrapeme.live/shop/Snubbull/
Granbull,£59.00,https://scrapeme.live/shop/Granbull/
Qwilfish,£77.00,https://scrapeme.live/shop/Qwilfish/
Scizor,£172.00,https://scrapeme.live/shop/Scizor/
Shuckle,£194.00,https://scrapeme.live/shop/Shuckle/
Heracross,£143.00,https://scrapeme.live/shop/Heracross/
Sneasel,£108.00,https://scrapeme.live/shop/Sneasel/
Teddiursa,£173.00,https://scrapeme.live/shop/Teddiursa/
Ursaring,£31.00,https://scrapeme.live/shop/Ursaring/
Magcargo,£36.00,https://scrapeme.live/shop/Magcargo/
Swinub,£132.00,https://scrapeme.live/shop/Swinub/
Piloswine,£84.00,https://scrapeme.live/shop/Piloswine/
Corsola,£27.00,https://scrapeme.live/shop/Corsola/
Remoraid,£122.00,https://scrapeme.live/shop/Remoraid/
Octillery,£94.00,https://scrapeme.live/shop/Octillery/
Delibird,£121.00,https://scrapeme.live/shop/Delibird/
Mantine,£114.00,https://scrapeme.live/shop/Mantine/
Skarmory,£199.00,https://scrapeme.live/shop/Skarmory/
Houndour,£144.00,https://scrapeme.live/shop/Houndour/
Houndoom,£78.00,https://scrapeme.live/shop/Houndoom/
Kingdra,£124.00,https://scrapeme.live/shop/Kingdra/
Phanpy,£129.00,https://scrapeme.live/shop/Phanpy/
Donphan,£89.00,https://scrapeme.live/shop/Donphan/
Porygon2,£151.00,https://scrapeme.live/shop/Porygon2/
Stantler,£33.00,https://scrapeme.live/shop/Stantler/
Smeargle,£151.00,https://scrapeme.live/shop/Smeargle/
Tyrogue,£145.00,https://scrapeme.live/shop/Tyrogue/
Hitmontop,£149.00,https://scrapeme.live/shop/Hitmontop/
Smoochum,£166.00,https://scrapeme.live/shop/Smoochum/
Elekid,£104.00,https://scrapeme.live/shop/Elekid/
Magby,£40.00,https://scrapeme.live/shop/Magby/
Miltank,£26.00,https://scrapeme.live/shop/Miltank/
Blissey,£31.00,https://scrapeme.live/shop/Blissey/
Raikou,£66.00,https://scrapeme.live/shop/Raikou/
Entei,£27.00,https://scrapeme.live/shop/Entei/
Suicune,£68.00,https://scrapeme.live/shop/Suicune/
Larvitar,£26.00,https://scrapeme.live/shop/Larvitar/
Pupitar,£114.00,https://scrapeme.live/shop/Pupitar/
Tyranitar,£190.00,https://scrapeme.live/shop/Tyranitar/
Lugia,£86.00,https://scrapeme.live/shop/Lugia/
Ho-oh,£91.00,https://scrapeme.live/shop/Ho-oh/
Celebi,£111.00,https://scrapeme.live/shop/Celebi/
Treecko,£96.00,https://scrapeme.live/shop/Treecko/
Grovyle,£190.00,https://scrapeme.live/shop/Grovyle/
Sceptile,£37.00,https://scrapeme.live/shop/Sceptile/
Torchic,£28.00,https://scrapeme.live/shop/Torchic/
Combusken,£68.00,https://scrapeme.live/shop/Combusken/
Blaziken,£40.00,https://scrapeme.live/shop/Blaziken/
Mudkip,£140.00,https://scrapeme.live/shop/Mudkip/
Marshtomp,£152.00,https://scrapeme.live/shop/Marshtomp/
Swampert,£144.00,https://scrapeme.live/shop/Swampert/
Poochyena,£130.00,https://scrapeme.live/shop/Poochyena/
Mightyena,£175.00,https://scrapeme.live/shop/Mightyena/
Zigzagoon,£83.00,https://scrapeme.live/shop/Zigzagoon/
Linoone,£81.00,https://scrapeme.live/shop/Linoone/
Wurmple,£195.00,https://scrapeme.live/shop/Wurmple/
Silcoon,£80.00,https://scrapeme.live/shop/Silcoon/
Beautifly,£145.00,https://scrapeme.live/shop/Beautifly/
Cascoon,£166.00,https://scrapeme.live/shop/Cascoon/
Dustox,£91.00,https://scrapeme.live/shop/Dustox/
Lotad,£161.00,https://scrapeme.live/shop/Lotad/
Lombre,£79.00,https://scrapeme.live/shop/Lombre/
Ludicolo,£189.00,https://scrapeme.live/shop/Ludicolo/
Seedot,£26.00,https://scrapeme.live/shop/Seedot/
Nuzleaf,£26.00,https://scrapeme.live/shop/Nuzleaf/
Shiftry,£157.00,https://scrapeme.live/shop/Shiftry/
Taillow,£85.00,https://scrapeme.live/shop/Taillow/
Swellow,£88.00,https://scrapeme.live/shop/Swellow/
Wingull,£153.00,https://scrapeme.live/shop/Wingull/
Pelipper,£158.00,https://scrapeme.live/shop/Pelipper/
Ralts,£151.00,https://scrapeme.live/shop/Ralts/
Kirlia,£186.00,https://scrapeme.live/shop/Kirlia/
Gardevoir,£34.00,https://scrapeme.live/shop/Gardevoir/
Surskit,£112.00,https://scrapeme.live/shop/Surskit/
Masquerain,£39.00,https://scrapeme.live/shop/Masquerain/
Shroomish,£31.00,https://scrapeme.live/shop/Shroomish/
Breloom,£113.00,https://scrapeme.live/shop/Breloom/
Slakoth,£69.00,https://scrapeme.live/shop/Slakoth/
Vigoroth,£25.00,https://scrapeme.live/shop/Vigoroth/
Slaking,£119.00,https://scrapeme.live/shop/Slaking/
Nincada,£38.00,https://scrapeme.live/shop/Nincada/
Ninjask,£161.00,https://scrapeme.live/shop/Ninjask/
Shedinja,£128.00,https://scrapeme.live/shop/Shedinja/
Whismur,£137.00,https://scrapeme.live/shop/Whismur/
Loudred,£145.00,https://scrapeme.live/shop/Loudred/
Exploud,£161.00,https://scrapeme.live/shop/Exploud/
Makuhita,£30.00,https://scrapeme.live/shop/Makuhita/
Hariyama,£176.00,https://scrapeme.live/shop/Hariyama/
Azurill,£70.00,https://scrapeme.live/shop/Azurill/
Nosepass,£41.00,https://scrapeme.live/shop/Nosepass/
Skitty,£156.00,https://scrapeme.live/shop/Skitty/
Delcatty,£170.00,https://scrapeme.live/shop/Delcatty/
Sableye,£81.00,https://scrapeme.live/shop/Sableye/
Mawile,£119.00,https://scrapeme.live/shop/Mawile/
Aron,£149.00,https://scrapeme.live/shop/Aron/
Lairon,£70.00,https://scrapeme.live/shop/Lairon/
Aggron,£140.00,https://scrapeme.live/shop/Aggron/
Meditite,£97.00,https://scrapeme.live/shop/Meditite/
Medicham,£77.00,https://scrapeme.live/shop/Medicham/
Electrike,£145.00,https://scrapeme.live/shop/Electrike/
Manectric,£76.00,https://scrapeme.live/shop/Manectric/
Plusle,£56.00,https://scrapeme.live/shop/Plusle/
Minun,£193.00,https://scrapeme.live/shop/Minun/
Volbeat,£123.00,https://scrapeme.live/shop/Volbeat/
Illumise,£167.00,https://scrapeme.live/shop/Illumise/
Roselia,£90.00,https://scrapeme.live/shop/Roselia/
Gulpin,£136.00,https://scrapeme.live/shop/Gulpin/
Swalot,£130.00,https://scrapeme.live/shop/Swalot/
Carvanha,£25.00,https://scrapeme.live/shop/Carvanha/
Sharpedo,£129.00,https://scrapeme.live/shop/Sharpedo/
Wailmer,£90.00,https://scrapeme.live/shop/Wailmer/
Wailord,£150.00,https://scrapeme.live/shop/Wailord/
Numel,£170.00,https://scrapeme.live/shop/Numel/
Camerupt,£124.00,https://scrapeme.live/shop/Camerupt/
Torkoal,£98.00,https://scrapeme.live/shop/Torkoal/
Spoink,£163.00,https://scrapeme.live/shop/Spoink/
Grumpig,£182.00,https://scrapeme.live/shop/Grumpig/
Spinda,£149.00,https://scrapeme.live/shop/Spinda/
Trapinch,£116.00,https://scrapeme.live/shop/Trapinch/
Vibrava,£200.00,https://scrapeme.live/shop/Vibrava/
Flygon,£174.00,https://scrapeme.live/shop/Flygon/
Cacnea,£105.00,https://scrapeme.live/shop/Cacnea/
Cacturne,£31.00,https://scrapeme.live/shop/Cacturne/
Swablu,£121.00,https://scrapeme.live/shop/Swablu/
Altaria,£104.00,https://scrapeme.live/shop/Altaria/
Seviper,£107.00,https://scrapeme.live/shop/Seviper/
Lunatone,£177.00,https://scrapeme.live/shop/Lunatone/
Solrock,£57.00,https://scrapeme.live/shop/Solrock/
Whiscash,£179.00,https://scrapeme.live/shop/Whiscash/
Corphish,£178.00,https://scrapeme.live/shop/Corphish/
Crawdaunt,£173.00,https://scrapeme.live/shop/Crawdaunt/
Baltoy,£167.00,https://scrapeme.live/shop/Baltoy/
Claydol,£197.00,https://scrapeme.live/shop/Claydol/
Lileep,£87.00,https://scrapeme.live/shop/Lileep/
Cradily,£154.00,https://scrapeme.live/shop/Cradily/
Anorith,£64.00,https://scrapeme.live/shop/Anorith/
Armaldo,£42.00,https://scrapeme.live/shop/Armaldo/
Feebas,£194.00,https://scrapeme.live/shop/Feebas/
Milotic,£152.00,https://scrapeme.live/shop/Milotic/
Castform,£119.00,https://scrapeme.live/shop/Castform/
Kecleon,£100.00,https://scrapeme.live/shop/Kecleon/
Shuppet,£174.00,https://scrapeme.live/shop/Shuppet/
Banette,£104.00,https://scrapeme.live/shop/Banette/
Duskull,£139.00,https://scrapeme.live/shop/Duskull/
Dusclops,£39.00,https://scrapeme.live/shop/Dusclops/
Tropius,£196.00,https://scrapeme.live/shop/Tropius/
Chimecho,£51.00,https://scrapeme.live/shop/Chimecho/
Absol,£134.00,https://scrapeme.live/shop/Absol/
Wynaut,£168.00,https://scrapeme.live/shop/Wynaut/
Snorunt,£82.00,https://scrapeme.live/shop/Snorunt/
Glalie,£178.00,https://scrapeme.live/shop/Glalie/
Spheal,£193.00,https://scrapeme.live/shop/Spheal/
Sealeo,£160.00,https://scrapeme.live/shop/Sealeo/
Walrein,£27.00,https://scrapeme.live/shop/Walrein/
Clamperl,£48.00,https://scrapeme.live/shop/Clamperl/
Huntail,£52.00,https://scrapeme.live/shop/Huntail/
Gorebyss,£150.00,https://scrapeme.live/shop/Gorebyss/
Relicanth,£157.00,https://scrapeme.live/shop/Relicanth/
Luvdisc,£44.00,https://scrapeme.live/shop/Luvdisc/
Bagon,£34.00,https://scrapeme.live/shop/Bagon/
Shelgon,£56.00,https://scrapeme.live/shop/Shelgon/
Salamence,£62.00,https://scrapeme.live/shop/Salamence/
Beldum,£122.00,https://scrapeme.live/shop/Beldum/
Metang,£78.00,https://scrapeme.live/shop/Metang/
Metagross,£170.00,https://scrapeme.live/shop/Metagross/
Regirock,£66.00,https://scrapeme.live/shop/Regirock/
Regice,£165.00,https://scrapeme.live/shop/Regice/
Registeel,£196.00,https://scrapeme.live/shop/Registeel/
Latias,£126.00,https://scrapeme.live/shop/Latias/
Latios,£166.00,https://scrapeme.live/shop/Latios/
Kyogre,£27.00,https://scrapeme.live/shop/Kyogre/
Groudon,£124.00,https://scrapeme.live/shop/Groudon/
Rayquaza,£97.00,https://scrapeme.live/shop/Rayquaza/
Jirachi,£111.00,https://scrapeme.live/shop/Jirachi/
Turtwig,£101.00,https://scrapeme.live/shop/Turtwig/
Grotle,£154.00,https://scrapeme.live/shop/Grotle/
Torterra,£87.00,https://scrapeme.live/shop/Torterra/
Chimchar,£143.00,https://scrapeme.live/shop/Chimchar/
Monferno,£68.00,https://scrapeme.live/shop/Monferno/
Infernape,£165.00,https://scrapeme.live/shop/Infernape/
Prinplup,£177.00,https://scrapeme.live/shop/Prinplup/
Empoleon,£42.00,https://scrapeme.live/shop/Empoleon/
Starly,£59.00,https://scrapeme.live/shop/Starly/
Staravia,£158.00,https://scrapeme.live/shop/Staravia/
Staraptor,£42.00,https://scrapeme.live/shop/Staraptor/
Bidoof,£128.00,https://scrapeme.live/shop/Bidoof/
Bibarel,£114.00,https://scrapeme.live/shop/Bibarel/
Kricketot,£94.00,https://scrapeme.live/shop/Kricketot/
Kricketune,£53.00,https://scrapeme.live/shop/Kricketune/
Shinx,£149.00,https://scrapeme.live/shop/Shinx/
Luxio,£168.00,https://scrapeme.live/shop/Luxio/
Luxray,£43.00,https://scrapeme.live/shop/Luxray/
Budew,£171.00,https://scrapeme.live/shop/Budew/
Roserade,£155.00,https://scrapeme.live/shop/Roserade/
Cranidos,£47.00,https://scrapeme.live/shop/Cranidos/
Rampardos,£196.00,https://scrapeme.live/shop/Rampardos/
Shieldon,£42.00,https://scrapeme.live/shop/Shieldon/
Bastiodon,£191.00,https://scrapeme.live/shop/Bastiodon/
Burmy,£91.00,https://scrapeme.live/shop/Burmy/
Mothim,£177.00,https://scrapeme.live/shop/Mothim/
Combee,£111.00,https://scrapeme.live/shop/Combee/
Vespiquen,£104.00,https://scrapeme.live/shop/Vespiquen/
Pachirisu,£151.00,https://scrapeme.live/shop/Pachirisu/
Buizel,£55.00,https://scrapeme.live/shop/Buizel/
Floatzel,£40.00,https://scrapeme.live/shop/Floatzel/
Cherubi,£101.00,https://scrapeme.live/shop/Cherubi/
Cherrim,£161.00,https://scrapeme.live/shop/Cherrim/
Shellos,£163.00,https://scrapeme.live/shop/Shellos/
Gastrodon,£148.00,https://scrapeme.live/shop/Gastrodon/
Ambipom,£36.00,https://scrapeme.live/shop/Ambipom/
Drifloon,£70.00,https://scrapeme.live/shop/Drifloon/
Drifblim,£36.00,https://scrapeme.live/shop/Drifblim/
Buneary,£180.00,https://scrapeme.live/shop/Buneary/
Lopunny,£123.00,https://scrapeme.live/shop/Lopunny/
Mismagius,£38.00,https://scrapeme.live/shop/Mismagius/
Honchkrow,£47.00,https://scrapeme.live/shop/Honchkrow/
Glameow,£39.00,https://scrapeme.live/shop/Glameow/
Purugly,£128.00,https://scrapeme.live/shop/Purugly/
Stunky,£106.00,https://scrapeme.live/shop/Stunky/
Skuntank,£112.00,https://scrapeme.live/shop/Skuntank/
Bronzong,£110.00,https://scrapeme.live/shop/Bronzong/
Bonsly,£106.00,https://scrapeme.live/shop/Bonsly/
Mime-jr,£170.00,https://scrapeme.live/shop/Mime-jr/
Happiny,£67.00,https://scrapeme.live/shop/Happiny/
Chatot,£78.00,https://scrapeme.live/shop/Chatot/
Spiritomb,£165.00,https://scrapeme.live/shop/Spiritomb/
Gible,£194.00,https://scrapeme.live/shop/Gible/
Gabite,£154.00,https://scrapeme.live/shop/Gabite/
Garchomp,£62.00,https://scrapeme.live/shop/Garchomp/
Munchlax,£190.00,https://scrapeme.live/shop/Munchlax/
Riolu,£70.00,https://scrapeme.live/shop/Riolu/
Lucario,£102.00,https://scrapeme.live/shop/Lucario/
Hippopotas,£189.00,https://scrapeme.live/shop/Hippopotas/
Hippowdon,£140.00,https://scrapeme.live/shop/Hippowdon/
Skorupi,£51.00,https://scrapeme.live/shop/Skorupi/
Drapion,£72.00,https://scrapeme.live/shop/Drapion/
Croagunk,£145.00,https://scrapeme.live/shop/Croagunk/
Toxicroak,£145.00,https://scrapeme.live/shop/Toxicroak/
Carnivine,£60.00,https://scrapeme.live/shop/Carnivine/
Finneon,£172.00,https://scrapeme.live/shop/Finneon/
Lumineon,£72.00,https://scrapeme.live/shop/Lumineon/
Mantyke,£121.00,https://scrapeme.live/shop/Mantyke/
Snover,£104.00,https://scrapeme.live/shop/Snover/
Abomasnow,£46.00,https://scrapeme.live/shop/Abomasnow/
Magnezone,£190.00,https://scrapeme.live/shop/Magnezone/
Lickilicky,£101.00,https://scrapeme.live/shop/Lickilicky/
Rhyperior,£79.00,https://scrapeme.live/shop/Rhyperior/
Tangrowth,£108.00,https://scrapeme.live/shop/Tangrowth/
Electivire,£61.00,https://scrapeme.live/shop/Electivire/
Magmortar,£200.00,https://scrapeme.live/shop/Magmortar/
Togekiss,£158.00,https://scrapeme.live/shop/Togekiss/
Yanmega,£121.00,https://scrapeme.live/shop/Yanmega/
Leafeon,£93.00,https://scrapeme.live/shop/Leafeon/
Glaceon,£142.00,https://scrapeme.live/shop/Glaceon/
Gliscor,£28.00,https://scrapeme.live/shop/Gliscor/
Mamoswine,£104.00,https://scrapeme.live/shop/Mamoswine/
Gallade,£149.00,https://scrapeme.live/shop/Gallade/
Probopass,£181.00,https://scrapeme.live/shop/Probopass/
Dusknoir,£158.00,https://scrapeme.live/shop/Dusknoir/
Froslass,£86.00,https://scrapeme.live/shop/Froslass/
Rotom,£42.00,https://scrapeme.live/shop/Rotom/
Uxie,£200.00,https://scrapeme.live/shop/Uxie/
Mesprit,£25.00,https://scrapeme.live/shop/Mesprit/
Azelf,£32.00,https://scrapeme.live/shop/Azelf/
Dialga,£179.00,https://scrapeme.live/shop/Dialga/
Palkia,£151.00,https://scrapeme.live/shop/Palkia/
Heatran,£142.00,https://scrapeme.live/shop/Heatran/
Regigigas,£77.00,https://scrapeme.live/shop/Regigigas/
Cresselia,£34.00,https://scrapeme.live/shop/Cresselia/
Phione,£155.00,https://scrapeme.live/shop/Phione/
Manaphy,£74.00,https://scrapeme.live/shop/Manaphy/
Darkrai,£59.00,https://scrapeme.live/shop/Darkrai/
Arceus,£53.00,https://scrapeme.live/shop/Arceus/
Victini,£109.00,https://scrapeme.live/shop/Victini/
Snivy,£102.00,https://scrapeme.live/shop/Snivy/
Servine,£154.00,https://scrapeme.live/shop/Servine/
Serperior,£88.00,https://scrapeme.live/shop/Serperior/
Tepig,£195.00,https://scrapeme.live/shop/Tepig/
Pignite,£149.00,https://scrapeme.live/shop/Pignite/
Emboar,£32.00,https://scrapeme.live/shop/Emboar/
Oshawott,£194.00,https://scrapeme.live/shop/Oshawott/
Dewott,£57.00,https://scrapeme.live/shop/Dewott/
Samurott,£106.00,https://scrapeme.live/shop/Samurott/
Patrat,£116.00,https://scrapeme.live/shop/Patrat/
Watchog,£141.00,https://scrapeme.live/shop/Watchog/
Lillipup,£28.00,https://scrapeme.live/shop/Lillipup/
Herdier,£164.00,https://scrapeme.live/shop/Herdier/
Stoutland,£37.00,https://scrapeme.live/shop/Stoutland/
Purrloin,£167.00,https://scrapeme.live/shop/Purrloin/
Liepard,£104.00,https://scrapeme.live/shop/Liepard/
Pansage,£197.00,https://scrapeme.live/shop/Pansage/
Simisage,£98.00,https://scrapeme.live/shop/Simisage/
Pansear,£194.00,https://scrapeme.live/shop/Pansear/
Simisear,£38.00,https://scrapeme.live/shop/Simisear/
Panpour,£52.00,https://scrapeme.live/shop/Panpour/
Simipour,£61.00,https://scrapeme.live/shop/Simipour/
Munna,£172.00,https://scrapeme.live/shop/Munna/
Musharna,£58.00,https://scrapeme.live/shop/Musharna/
Pidove,£172.00,https://scrapeme.live/shop/Pidove/
Tranquill,£199.00,https://scrapeme.live/shop/Tranquill/
Unfezant,£135.00,https://scrapeme.live/shop/Unfezant/
Zebstrika,£138.00,https://scrapeme.live/shop/Zebstrika/
Roggenrola,£41.00,https://scrapeme.live/shop/Roggenrola/
Boldore,£76.00,https://scrapeme.live/shop/Boldore/
Gigalith,£67.00,https://scrapeme.live/shop/Gigalith/
Woobat,£27.00,https://scrapeme.live/shop/Woobat/
Swoobat,£49.00,https://scrapeme.live/shop/Swoobat/
Drilbur,£132.00,https://scrapeme.live/shop/Drilbur/
Excadrill,£36.00,https://scrapeme.live/shop/Excadrill/
Audino,£95.00,https://scrapeme.live/shop/Audino/
Timburr,£194.00,https://scrapeme.live/shop/Timburr/
Gurdurr,£179.00,https://scrapeme.live/shop/Gurdurr/
Conkeldurr,£72.00,https://scrapeme.live/shop/Conkeldurr/
Palpitoad,£117.00,https://scrapeme.live/shop/Palpitoad/
Seismitoad,£90.00,https://scrapeme.live/shop/Seismitoad/
Throh,£43.00,https://scrapeme.live/shop/Throh/
Sawk,£129.00,https://scrapeme.live/shop/Sawk/
Sewaddle,£40.00,https://scrapeme.live/shop/Sewaddle/
Swadloon,£107.00,https://scrapeme.live/shop/Swadloon/
Leavanny,£130.00,https://scrapeme.live/shop/Leavanny/
Venipede,£87.00,https://scrapeme.live/shop/Venipede/
Whirlipede,£84.00,https://scrapeme.live/shop/Whirlipede/
Scolipede,£153.00,https://scrapeme.live/shop/Scolipede/
Cottonee,£77.00,https://scrapeme.live/shop/Cottonee/
Whimsicott,£26.00,https://scrapeme.live/shop/Whimsicott/
Petilil,£118.00,https://scrapeme.live/shop/Petilil/
Lilligant,£137.00,https://scrapeme.live/shop/Lilligant/
Sandile,£136.00,https://scrapeme.live/shop/Sandile/
Krokorok,£135.00,https://scrapeme.live/shop/Krokorok/
Krookodile,£185.00,https://scrapeme.live/shop/Krookodile/
Darumaka,£106.00,https://scrapeme.live/shop/Darumaka/
Maractus,£31.00,https://scrapeme.live/shop/Maractus/
Dwebble,£75.00,https://scrapeme.live/shop/Dwebble/
Crustle,£105.00,https://scrapeme.live/shop/Crustle/
Scraggy,£112.00,https://scrapeme.live/shop/Scraggy/
Scrafty,£137.00,https://scrapeme.live/shop/Scrafty/
Sigilyph,£68.00,https://scrapeme.live/shop/Sigilyph/
Yamask,£171.00,https://scrapeme.live/shop/Yamask/
Cofagrigus,£160.00,https://scrapeme.live/shop/Cofagrigus/
Tirtouga,£60.00,https://scrapeme.live/shop/Tirtouga/
Carracosta,£158.00,https://scrapeme.live/shop/Carracosta/
Archen,£140.00,https://scrapeme.live/shop/Archen/
Archeops,£126.00,https://scrapeme.live/shop/Archeops/
Trubbish,£169.00,https://scrapeme.live/shop/Trubbish/
Garbodor,£178.00,https://scrapeme.live/shop/Garbodor/
Zorua,£81.00,https://scrapeme.live/shop/Zorua/
Minccino,£79.00,https://scrapeme.live/shop/Minccino/
Cinccino,£154.00,https://scrapeme.live/shop/Cinccino/
Gothita,£68.00,https://scrapeme.live/shop/Gothita/
Gothorita,£189.00,https://scrapeme.live/shop/Gothorita/
Gothitelle,£164.00,https://scrapeme.live/shop/Gothitelle/
Solosis,£134.00,https://scrapeme.live/shop/Solosis/
Duosion,£71.00,https://scrapeme.live/shop/Duosion/
Reuniclus,£168.00,https://scrapeme.live/shop/Reuniclus/
Ducklett,£159.00,https://scrapeme.live/shop/Ducklett/
Swanna,£36.00,https://scrapeme.live/shop/Swanna/
Vanillite,£108.00,https://scrapeme.live/shop/Vanillite/
Vanillish,£93.00,https://scrapeme.live/shop/Vanillish/
Vanilluxe,£89.00,https://scrapeme.live/shop/Vanilluxe/
Deerling,£141.00,https://scrapeme.live/shop/Deerling/
Sawsbuck,£76.00,https://scrapeme.live/shop/Sawsbuck/
Karrablast,£41.00,https://scrapeme.live/shop/Karrablast/
Escavalier,£189.00,https://scrapeme.live/shop/Escavalier/
Foongus,£129.00,https://scrapeme.live/shop/Foongus/
Frillish,£63.00,https://scrapeme.live/shop/Frillish/
Jellicent,£114.00,https://scrapeme.live/shop/Jellicent/
Alomomola,£35.00,https://scrapeme.live/shop/Alomomola/
Joltik,£59.00,https://scrapeme.live/shop/Joltik/
Galvantula,£57.00,https://scrapeme.live/shop/Galvantula/
Ferroseed,£81.00,https://scrapeme.live/shop/Ferroseed/
Ferrothorn,£182.00,https://scrapeme.live/shop/Ferrothorn/
Klink,£75.00,https://scrapeme.live/shop/Klink/
Klang,£162.00,https://scrapeme.live/shop/Klang/
Klinklang,£178.00,https://scrapeme.live/shop/Klinklang/
Tynamo,£82.00,https://scrapeme.live/shop/Tynamo/
Eelektrik,£198.00,https://scrapeme.live/shop/Eelektrik/
Eelektross,£123.00,https://scrapeme.live/shop/Eelektross/
Elgyem,£107.00,https://scrapeme.live/shop/Elgyem/
Beheeyem,£34.00,https://scrapeme.live/shop/Beheeyem/
Litwick,£37.00,https://scrapeme.live/shop/Litwick/
Lampent,£157.00,https://scrapeme.live/shop/Lampent/
Axew,£123.00,https://scrapeme.live/shop/Axew/
Fraxure,£64.00,https://scrapeme.live/shop/Fraxure/
Haxorus,£135.00,https://scrapeme.live/shop/Haxorus/
Cubchoo,£62.00,https://scrapeme.live/shop/Cubchoo/
Beartic,£28.00,https://scrapeme.live/shop/Beartic/
Cryogonal,£72.00,https://scrapeme.live/shop/Cryogonal/
Shelmet,£190.00,https://scrapeme.live/shop/Shelmet/
Accelgor,£129.00,https://scrapeme.live/shop/Accelgor/
Stunfisk,£67.00,https://scrapeme.live/shop/Stunfisk/
Mienfoo,£197.00,https://scrapeme.live/shop/Mienfoo/
Mienshao,£50.00,https://scrapeme.live/shop/Mienshao/
Druddigon,£110.00,https://scrapeme.live/shop/Druddigon/
Golett,£89.00,https://scrapeme.live/shop/Golett/
Golurk,£74.00,https://scrapeme.live/shop/Golurk/
Pawniard,£37.00,https://scrapeme.live/shop/Pawniard/
Bisharp,£129.00,https://scrapeme.live/shop/Bisharp/
Bouffalant,£59.00,https://scrapeme.live/shop/Bouffalant/
Rufflet,£60.00,https://scrapeme.live/shop/Rufflet/
Braviary,£83.00,https://scrapeme.live/shop/Braviary/
Vullaby,£61.00,https://scrapeme.live/shop/Vullaby/
Mandibuzz,£89.00,https://scrapeme.live/shop/Mandibuzz/
Heatmor,£81.00,https://scrapeme.live/shop/Heatmor/
Durant,£28.00,https://scrapeme.live/shop/Durant/
Deino,£63.00,https://scrapeme.live/shop/Deino/
Zweilous,£199.00,https://scrapeme.live/shop/Zweilous/
Hydreigon,£86.00,https://scrapeme.live/shop/Hydreigon/
Volcarona,£94.00,https://scrapeme.live/shop/Volcarona/
Cobalion,£111.00,https://scrapeme.live/shop/Cobalion/
Terrakion,£87.00,https://scrapeme.live/shop/Terrakion/
Virizion,£156.00,https://scrapeme.live/shop/Virizion/
Reshiram,£147.00,https://scrapeme.live/shop/Reshiram/
Zekrom,£135.00,https://scrapeme.live/shop/Zekrom/
Genesect,£173.00,https://scrapeme.live/shop/Genesect/
Chespin,£185.00,https://scrapeme.live/shop/Chespin/
Quilladin,£161.00,https://scrapeme.live/shop/Quilladin/
Chesnaught,£96.00,https://scrapeme.live/shop/Chesnaught/
Fennekin,£123.00,https://scrapeme.live/shop/Fennekin/
Braixen,£59.00,https://scrapeme.live/shop/Braixen/
Delphox,£170.00,https://scrapeme.live/shop/Delphox/
Froakie,£38.00,https://scrapeme.live/shop/Froakie/
Frogadier,£125.00,https://scrapeme.live/shop/Frogadier/
Greninja,£42.00,https://scrapeme.live/shop/Greninja/
Bunnelby,£66.00,https://scrapeme.live/shop/Bunnelby/
Fletchling,£43.00,https://scrapeme.live/shop/Fletchling/
Fletchinder,£147.00,https://scrapeme.live/shop/Fletchinder/
Talonflame,£84.00,https://scrapeme.live/shop/Talonflame/
Scatterbug,£40.00,https://scrapeme.live/shop/Scatterbug/
Spewpa,£155.00,https://scrapeme.live/shop/Spewpa/
Vivillon,£177.00,https://scrapeme.live/shop/Vivillon/
Litleo,£34.00,https://scrapeme.live/shop/Litleo/
Pyroar,£127.00,https://scrapeme.live/shop/Pyroar/
Flabebe,£79.00,https://scrapeme.live/shop/Flabebe/
Floette,£149.00,https://scrapeme.live/shop/Floette/
Florges,£93.00,https://scrapeme.live/shop/Florges/
Skiddo,£129.00,https://scrapeme.live/shop/Skiddo/
Gogoat,£97.00,https://scrapeme.live/shop/Gogoat/
Pangoro,£76.00,https://scrapeme.live/shop/Pangoro/
Furfrou,£165.00,https://scrapeme.live/shop/Furfrou/
Espurr,£149.00,https://scrapeme.live/shop/Espurr/
Honedge,£101.00,https://scrapeme.live/shop/Honedge/
Doublade,£164.00,https://scrapeme.live/shop/Doublade/
Spritzee,£58.00,https://scrapeme.live/shop/Spritzee/
Aromatisse,£194.00,https://scrapeme.live/shop/Aromatisse/
Swirlix,£90.00,https://scrapeme.live/shop/Swirlix/
Slurpuff,£66.00,https://scrapeme.live/shop/Slurpuff/
Inkay,£38.00,https://scrapeme.live/shop/Inkay/
Malamar,£58.00,https://scrapeme.live/shop/Malamar/
Binacle,£102.00,https://scrapeme.live/shop/Binacle/
Barbaracle,£165.00,https://scrapeme.live/shop/Barbaracle/
Skrelp,£63.00,https://scrapeme.live/shop/Skrelp/
Dragalge,£151.00,https://scrapeme.live/shop/Dragalge/
Clauncher,£29.00,https://scrapeme.live/shop/Clauncher/
Clawitzer,£69.00,https://scrapeme.live/shop/Clawitzer/
Helioptile,£62.00,https://scrapeme.live/shop/Helioptile/
Heliolisk,£83.00,https://scrapeme.live/shop/Heliolisk/
Tyrunt,£62.00,https://scrapeme.live/shop/Tyrunt/
Tyrantrum,£26.00,https://scrapeme.live/shop/Tyrantrum/
Amaura,£155.00,https://scrapeme.live/shop/Amaura/
Aurorus,£189.00,https://scrapeme.live/shop/Aurorus/
Sylveon,£48.00,https://scrapeme.live/shop/Sylveon/
Hawlucha,£44.00,https://scrapeme.live/shop/Hawlucha/
Dedenne,£118.00,https://scrapeme.live/shop/Dedenne/
Carbink,£171.00,https://scrapeme.live/shop/Carbink/
Goomy,£110.00,https://scrapeme.live/shop/Goomy/
Sliggoo,£109.00,https://scrapeme.live/shop/Sliggoo/
Goodra,£192.00,https://scrapeme.live/shop/Goodra/
Klefki,£179.00,https://scrapeme.live/shop/Klefki/
Trevenant,£53.00,https://scrapeme.live/shop/Trevenant/
Bergmite,£119.00,https://scrapeme.live/shop/Bergmite/
Avalugg,£71.00,https://scrapeme.live/shop/Avalugg/
Noibat,£126.00,https://scrapeme.live/shop/Noibat/
Noivern,£75.00,https://scrapeme.live/shop/Noivern/
Xerneas,£30.00,https://scrapeme.live/shop/Xerneas/
Yveltal,£59.00,https://scrapeme.live/shop/Yveltal/
Zygarde,£83.00,https://scrapeme.live/shop/Zygarde/
Diancie,£27.00,https://scrapeme.live/shop/Diancie/
Hoopa,£189.00,https://scrapeme.live/shop/Hoopa/
Volcanion,£45.00,https://scrapeme.live/shop/Volcanion/
Dartrix,£169.00,https://scrapeme.live/shop/Dartrix/
Decidueye,£106.00,https://scrapeme.live/shop/Decidueye/
Litten,£132.00,https://scrapeme.live/shop/Litten/
Torracat,£184.00,https://scrapeme.live/shop/Torracat/
Incineroar,£36.00,https://scrapeme.live/shop/Incineroar/
Popplio,£158.00,https://scrapeme.live/shop/Popplio/
Brionne,£172.00,https://scrapeme.live/shop/Brionne/
Primarina,£143.00,https://scrapeme.live/shop/Primarina/
Pikipek,£51.00,https://scrapeme.live/shop/Pikipek/
Trumbeak,£59.00,https://scrapeme.live/shop/Trumbeak/
Toucannon,£77.00,https://scrapeme.live/shop/Toucannon/
Yungoos,£159.00,https://scrapeme.live/shop/Yungoos/
Gumshoos,£123.00,https://scrapeme.live/shop/Gumshoos/
Grubbin,£77.00,https://scrapeme.live/shop/Grubbin/
Charjabug,£76.00,https://scrapeme.live/shop/Charjabug/
Vikavolt,£88.00,https://scrapeme.live/shop/Vikavolt/
Crabrawler,£181.00,https://scrapeme.live/shop/Crabrawler/
Crabominable,£65.00,https://scrapeme.live/shop/Crabominable/
Cutiefly,£118.00,https://scrapeme.live/shop/Cutiefly/
Ribombee,£100.00,https://scrapeme.live/shop/Ribombee/
Rockruff,£149.00,https://scrapeme.live/shop/Rockruff/
Mareanie,£47.00,https://scrapeme.live/shop/Mareanie/
Toxapex,£91.00,https://scrapeme.live/shop/Toxapex/
Mudbray,£96.00,https://scrapeme.live/shop/Mudbray/
Mudsdale,£111.00,https://scrapeme.live/shop/Mudsdale/
Dewpider,£84.00,https://scrapeme.live/shop/Dewpider/
Araquanid,£48.00,https://scrapeme.live/shop/Araquanid/
Fomantis,£104.00,https://scrapeme.live/shop/Fomantis/
Lurantis,£159.00,https://scrapeme.live/shop/Lurantis/
Morelull,£87.00,https://scrapeme.live/shop/Morelull/
Shiinotic,£75.00,https://scrapeme.live/shop/Shiinotic/
Salandit,£158.00,https://scrapeme.live/shop/Salandit/
Salazzle,£166.00,https://scrapeme.live/shop/Salazzle/
Stufful,£70.00,https://scrapeme.live/shop/Stufful/
Bewear,£117.00,https://scrapeme.live/shop/Bewear/
Bounsweet,£193.00,https://scrapeme.live/shop/Bounsweet/
Steenee,£27.00,https://scrapeme.live/shop/Steenee/
Tsareena,£186.00,https://scrapeme.live/shop/Tsareena/
Comfey,£28.00,https://scrapeme.live/shop/Comfey/
Oranguru,£139.00,https://scrapeme.live/shop/Oranguru/
Passimian,£182.00,https://scrapeme.live/shop/Passimian/
Wimpod,£137.00,https://scrapeme.live/shop/Wimpod/
Golisopod,£32.00,https://scrapeme.live/shop/Golisopod/
Sandygast,£131.00,https://scrapeme.live/shop/Sandygast/
Palossand,£187.00,https://scrapeme.live/shop/Palossand/
Pyukumuku,£97.00,https://scrapeme.live/shop/Pyukumuku/
Silvally,£133.00,https://scrapeme.live/shop/Silvally/
Komala,£65.00,https://scrapeme.live/shop/Komala/
Turtonator,£117.00,https://scrapeme.live/shop/Turtonator/
Togedemaru,£45.00,https://scrapeme.live/shop/Togedemaru/
Drampa,£133.00,https://scrapeme.live/shop/Drampa/
Jangmo-o,£107.00,https://scrapeme.live/shop/Jangmo-o/
Hakamo-o,£57.00,https://scrapeme.live/shop/Hakamo-o/
Kommo-o,£170.00,https://scrapeme.live/shop/Kommo-o/
Tapu-koko,£159.00,https://scrapeme.live/shop/Tapu-koko/
Tapu-lele,£62.00,https://scrapeme.live/shop/Tapu-lele/
Tapu-bulu,£165.00,https://scrapeme.live/shop/Tapu-bulu/
Tapu-fini,£123.00,https://scrapeme.live/shop/Tapu-fini/
Solgaleo,£125.00,https://scrapeme.live/shop/Solgaleo/
Lunala,£58.00,https://scrapeme.live/shop/Lunala/
Nihilego,£67.00,https://scrapeme.live/shop/Nihilego/
Buzzwole,£172.00,https://scrapeme.live/shop/Buzzwole/
Pheromosa,£62.00,https://scrapeme.live/shop/Pheromosa/
Xurkitree,£174.00,https://scrapeme.live/shop/Xurkitree/
Celesteela,£151.00,https://scrapeme.live/shop/Celesteela/
Kartana,£197.00,https://scrapeme.live/shop/Kartana/
Guzzlord,£73.00,https://scrapeme.live/shop/Guzzlord/
Necrozma,£68.00,https://scrapeme.live/shop/Necrozma/
Marshadow,£107.00,https://scrapeme.live/shop/Marshadow/
Poipole,£130.00,https://scrapeme.live/shop/Poipole/
Naganadel,£30.00,https://scrapeme.live/shop/Naganadel/
Stakataka,£190.00,https://scrapeme.live/shop/Stakataka/
Blacephalon,£149.00,https://scrapeme.live/shop/Blacephalon/
